label	accession	organism	protein	clade	source	note	status
PsrAPhsASrrA_Wells_01	AcidicryptPsrA	Wells_et_al_MAG	PsrAPhsASrrA	PsrAPhsASrrA	Wells_Dryad_MopBMAGs_50	Selected from DMSORcompwoutMop.fasta; original_header=AcidicryptPsrA	OK
PsrAPhsASrrA_Wells_02	AlkaliehrliPsrA	Wells_et_al_MAG	PsrAPhsASrrA	PsrAPhsASrrA	Wells_Dryad_MopBMAGs_50	Selected from DMSORcompwoutMop.fasta; original_header=AlkaliehrliPsrA	OK
PsrAPhsASrrA_Wells_03	BacilpersPsrA	Wells_et_al_MAG	PsrAPhsASrrA	PsrAPhsASrrA	Wells_Dryad_MopBMAGs_50	Selected from DMSORcompwoutMop.fasta; original_header=BacilpersPsrA	OK
PsrAPhsASrrA_Wells_04	BacilseleniPsrA	Wells_et_al_MAG	PsrAPhsASrrA	PsrAPhsASrrA	Wells_Dryad_MopBMAGs_50	Selected from DMSORcompwoutMop.fasta; original_header=BacilseleniPsrA	OK
PsrAPhsASrrA_Wells_05	CaldinitroPsrA	Wells_et_al_MAG	PsrAPhsASrrA	PsrAPhsASrrA	Wells_Dryad_MopBMAGs_50	Selected from DMSORcompwoutMop.fasta; original_header=CaldinitroPsrA	OK
PsrAPhsASrrA_Wells_06	CampyhelvPsrA	Wells_et_al_MAG	PsrAPhsASrrA	PsrAPhsASrrA	Wells_Dryad_MopBMAGs_50	Selected from DMSORcompwoutMop.fasta; original_header=CampyhelvPsrA	OK
PsrAPhsASrrA_Wells_07	ChlorobchlorPsrA	Wells_et_al_MAG	PsrAPhsASrrA	PsrAPhsASrrA	Wells_Dryad_MopBMAGs_50	Selected from DMSORcompwoutMop.fasta; original_header=ChlorobchlorPsrA	OK
PsrAPhsASrrA_Wells_08	CitroamalonPsrA	Wells_et_al_MAG	PsrAPhsASrrA	PsrAPhsASrrA	Wells_Dryad_MopBMAGs_50	Selected from DMSORcompwoutMop.fasta; original_header=CitroamalonPsrA	OK
PsrAPhsASrrA_Wells_09	CitropasteurPsrA	Wells_et_al_MAG	PsrAPhsASrrA	PsrAPhsASrrA	Wells_Dryad_MopBMAGs_50	Selected from DMSORcompwoutMop.fasta; original_header=CitropasteurPsrA	OK
PsrAPhsASrrA_Wells_10	DeferridesulfPsrA2	Wells_et_al_MAG	PsrAPhsASrrA	PsrAPhsASrrA	Wells_Dryad_MopBMAGs_50	Selected from DMSORcompwoutMop.fasta; original_header=DeferridesulfPsrA2	OK
PsrAPhsASrrA_Wells_11	DesulfitialkaPsrA	Wells_et_al_MAG	PsrAPhsASrrA	PsrAPhsASrrA	Wells_Dryad_MopBMAGs_50	Selected from DMSORcompwoutMop.fasta; original_header=DesulfitialkaPsrA	OK
PsrAPhsASrrA_Wells_12	DesulfitohafnPsr1	Wells_et_al_MAG	PsrAPhsASrrA	PsrAPhsASrrA	Wells_Dryad_MopBMAGs_50	Selected from DMSORcompwoutMop.fasta; original_header=DesulfitohafnPsr1	OK
PsrAPhsASrrA_Wells_13	DesulfolacuPsrA	Wells_et_al_MAG	PsrAPhsASrrA	PsrAPhsASrrA	Wells_Dryad_MopBMAGs_50	Selected from DMSORcompwoutMop.fasta; original_header=DesulfolacuPsrA	OK
PsrAPhsASrrA_Wells_14	DesulfovafriPsrA	Wells_et_al_MAG	PsrAPhsASrrA	PsrAPhsASrrA	Wells_Dryad_MopBMAGs_50	Selected from DMSORcompwoutMop.fasta; original_header=DesulfovafriPsrA	OK
PsrAPhsASrrA_Wells_15	DesulfovfrigPsrA	Wells_et_al_MAG	PsrAPhsASrrA	PsrAPhsASrrA	Wells_Dryad_MopBMAGs_50	Selected from DMSORcompwoutMop.fasta; original_header=DesulfovfrigPsrA	OK
PsrAPhsASrrA_Wells_16	DesulfuriindiPsrA	Wells_et_al_MAG	PsrAPhsASrrA	PsrAPhsASrrA	Wells_Dryad_MopBMAGs_50	Selected from DMSORcompwoutMop.fasta; original_header=DesulfuriindiPsrA	OK
PsrAPhsASrrA_Wells_17	DesulfurstibPsrA	Wells_et_al_MAG	PsrAPhsASrrA	PsrAPhsASrrA	Wells_Dryad_MopBMAGs_50	Selected from DMSORcompwoutMop.fasta; original_header=DesulfurstibPsrA	OK
PsrAPhsASrrA_Wells_18	EggerlentPsrA1	Wells_et_al_MAG	PsrAPhsASrrA	PsrAPhsASrrA	Wells_Dryad_MopBMAGs_50	Selected from DMSORcompwoutMop.fasta; original_header=EggerlentPsrA1	OK
PsrAPhsASrrA_Wells_19	EnterorhabcaecPsrA	Wells_et_al_MAG	PsrAPhsASrrA	PsrAPhsASrrA	Wells_Dryad_MopBMAGs_50	Selected from DMSORcompwoutMop.fasta; original_header=EnterorhabcaecPsrA	OK
PsrAPhsASrrA_Wells_20	FerrikyonPsrA	Wells_et_al_MAG	PsrAPhsASrrA	PsrAPhsASrrA	Wells_Dryad_MopBMAGs_50	Selected from DMSORcompwoutMop.fasta; original_header=FerrikyonPsrA	OK
PsrAPhsASrrA_Wells_21	FlexisinuPsrA	Wells_et_al_MAG	PsrAPhsASrrA	PsrAPhsASrrA	Wells_Dryad_MopBMAGs_50	Selected from DMSORcompwoutMop.fasta; original_header=FlexisinuPsrA	OK
PsrAPhsASrrA_Wells_22	GordonpamePsrA	Wells_et_al_MAG	PsrAPhsASrrA	PsrAPhsASrrA	Wells_Dryad_MopBMAGs_50	Selected from DMSORcompwoutMop.fasta; original_header=GordonpamePsrA	OK
PsrAPhsASrrA_Wells_23	HalanaerosulfPsrA2	Wells_et_al_MAG	PsrAPhsASrrA	PsrAPhsASrrA	Wells_Dryad_MopBMAGs_50	Selected from DMSORcompwoutMop.fasta; original_header=HalanaerosulfPsrA2	OK
PsrAPhsASrrA_Wells_24	HalodesulfurformPsrA2	Wells_et_al_MAG	PsrAPhsASrrA	PsrAPhsASrrA	Wells_Dryad_MopBMAGs_50	Selected from DMSORcompwoutMop.fasta; original_header=HalodesulfurformPsrA2	OK
PsrAPhsASrrA_Wells_25	HaloruvacuoPsrA2	Wells_et_al_MAG	PsrAPhsASrrA	PsrAPhsASrrA	Wells_Dryad_MopBMAGs_50	Selected from DMSORcompwoutMop.fasta; original_header=HaloruvacuoPsrA2	OK
PsrAPhsASrrA_Wells_26	HippealviPsrA	Wells_et_al_MAG	PsrAPhsASrrA	PsrAPhsASrrA	Wells_Dryad_MopBMAGs_50	Selected from DMSORcompwoutMop.fasta; original_header=HippealviPsrA	OK
PsrAPhsASrrA_Wells_27	HyunjejuPsrA	Wells_et_al_MAG	PsrAPhsASrrA	PsrAPhsASrrA	Wells_Dryad_MopBMAGs_50	Selected from DMSORcompwoutMop.fasta; original_header=HyunjejuPsrA	OK
PsrAPhsASrrA_Wells_28	LabilimanganPsrA	Wells_et_al_MAG	PsrAPhsASrrA	PsrAPhsASrrA	Wells_Dryad_MopBMAGs_50	Selected from DMSORcompwoutMop.fasta; original_header=LabilimanganPsrA	OK
PsrAPhsASrrA_Wells_29	LutimaritiPsrA	Wells_et_al_MAG	PsrAPhsASrrA	PsrAPhsASrrA	Wells_Dryad_MopBMAGs_50	Selected from DMSORcompwoutMop.fasta; original_header=LutimaritiPsrA	OK
PsrAPhsASrrA_Wells_30	MarinifragPsrA	Wells_et_al_MAG	PsrAPhsASrrA	PsrAPhsASrrA	Wells_Dryad_MopBMAGs_50	Selected from DMSORcompwoutMop.fasta; original_header=MarinifragPsrA	OK
PsrAPhsASrrA_Wells_31	MeliorirosePsrA	Wells_et_al_MAG	PsrAPhsASrrA	PsrAPhsASrrA	Wells_Dryad_MopBMAGs_50	Selected from DMSORcompwoutMop.fasta; original_header=MeliorirosePsrA	OK
PsrAPhsASrrA_Wells_32	NatronogregPsrA	Wells_et_al_MAG	PsrAPhsASrrA	PsrAPhsASrrA	Wells_Dryad_MopBMAGs_50	Selected from DMSORcompwoutMop.fasta; original_header=NatronogregPsrA	OK
PsrAPhsASrrA_Wells_33	PelodictphaeoPsrA	Wells_et_al_MAG	PsrAPhsASrrA	PsrAPhsASrrA	Wells_Dryad_MopBMAGs_50	Selected from DMSORcompwoutMop.fasta; original_header=PelodictphaeoPsrA	OK
PsrAPhsASrrA_Wells_34	ProtcolumbPsrA	Wells_et_al_MAG	PsrAPhsASrrA	PsrAPhsASrrA	Wells_Dryad_MopBMAGs_50	Selected from DMSORcompwoutMop.fasta; original_header=ProtcolumbPsrA	OK
PsrAPhsASrrA_Wells_35	PseudodesulfprofPsrA	Wells_et_al_MAG	PsrAPhsASrrA	PsrAPhsASrrA	Wells_Dryad_MopBMAGs_50	Selected from DMSORcompwoutMop.fasta; original_header=PseudodesulfprofPsrA	OK
PsrAPhsASrrA_Wells_36	PyroislaPsrA	Wells_et_al_MAG	PsrAPhsASrrA	PsrAPhsASrrA	Wells_Dryad_MopBMAGs_50	Selected from DMSORcompwoutMop.fasta; original_header=PyroislaPsrA	OK
PsrAPhsASrrA_Wells_37	SalipaauraPsrA1	Wells_et_al_MAG	PsrAPhsASrrA	PsrAPhsASrrA	Wells_Dryad_MopBMAGs_50	Selected from DMSORcompwoutMop.fasta; original_header=SalipaauraPsrA1	OK
PsrAPhsASrrA_Wells_38	SalmonenterPsrA	Wells_et_al_MAG	PsrAPhsASrrA	PsrAPhsASrrA	Wells_Dryad_MopBMAGs_50	Selected from DMSORcompwoutMop.fasta; original_header=SalmonenterPsrA	OK
PsrAPhsASrrA_Wells_39	ShewanbaltPsrA	Wells_et_al_MAG	PsrAPhsASrrA	PsrAPhsASrrA	Wells_Dryad_MopBMAGs_50	Selected from DMSORcompwoutMop.fasta; original_header=ShewanbaltPsrA	OK
PsrAPhsASrrA_Wells_40	SlackexigPsrA	Wells_et_al_MAG	PsrAPhsASrrA	PsrAPhsASrrA	Wells_Dryad_MopBMAGs_50	Selected from DMSORcompwoutMop.fasta; original_header=SlackexigPsrA	OK
PsrAPhsASrrA_Wells_41	SporomacidPsrA	Wells_et_al_MAG	PsrAPhsASrrA	PsrAPhsASrrA	Wells_Dryad_MopBMAGs_50	Selected from DMSORcompwoutMop.fasta; original_header=SporomacidPsrA	OK
PsrAPhsASrrA_Wells_42	SulfurospbarnPsrA1	Wells_et_al_MAG	PsrAPhsASrrA	PsrAPhsASrrA	Wells_Dryad_MopBMAGs_50	Selected from DMSORcompwoutMop.fasta; original_header=SulfurospbarnPsrA1	OK
PsrAPhsASrrA_Wells_43	SulfurospdeleyPsrA1	Wells_et_al_MAG	PsrAPhsASrrA	PsrAPhsASrrA	Wells_Dryad_MopBMAGs_50	Selected from DMSORcompwoutMop.fasta; original_header=SulfurospdeleyPsrA1	OK
PsrAPhsASrrA_Wells_44	SunxelliptPsrA	Wells_et_al_MAG	PsrAPhsASrrA	PsrAPhsASrrA	Wells_Dryad_MopBMAGs_50	Selected from DMSORcompwoutMop.fasta; original_header=SunxelliptPsrA	OK
PsrAPhsASrrA_Wells_45	ThermodesulfcommPsrA	Wells_et_al_MAG	PsrAPhsASrrA	PsrAPhsASrrA	Wells_Dryad_MopBMAGs_50	Selected from DMSORcompwoutMop.fasta; original_header=ThermodesulfcommPsrA	OK
PsrAPhsASrrA_Wells_46	ThermofipenPsrA	Wells_et_al_MAG	PsrAPhsASrrA	PsrAPhsASrrA	Wells_Dryad_MopBMAGs_50	Selected from DMSORcompwoutMop.fasta; original_header=ThermofipenPsrA	OK
PsrAPhsASrrA_Wells_47	ThermusbrocPsrA	Wells_et_al_MAG	PsrAPhsASrrA	PsrAPhsASrrA	Wells_Dryad_MopBMAGs_50	Selected from DMSORcompwoutMop.fasta; original_header=ThermusbrocPsrA	OK
PsrAPhsASrrA_Wells_48	ThermusscotPsrA	Wells_et_al_MAG	PsrAPhsASrrA	PsrAPhsASrrA	Wells_Dryad_MopBMAGs_50	Selected from DMSORcompwoutMop.fasta; original_header=ThermusscotPsrA	OK
PsrAPhsASrrA_Wells_49	ThiothrcaldPsrA	Wells_et_al_MAG	PsrAPhsASrrA	PsrAPhsASrrA	Wells_Dryad_MopBMAGs_50	Selected from DMSORcompwoutMop.fasta; original_header=ThiothrcaldPsrA	OK
PsrAPhsASrrA_Wells_50	WolinsuccPsrA	Wells_et_al_MAG	PsrAPhsASrrA	PsrAPhsASrrA	Wells_Dryad_MopBMAGs_50	Selected from DMSORcompwoutMop.fasta; original_header=WolinsuccPsrA	OK
TtrASrdA_Wells_01	AchromarsenTtrA	Wells_et_al_MAG	TtrASrdA	TtrASrdA	Wells_Dryad_MopBMAGs_50	Selected from DMSORcompwoutMop.fasta; original_header=AchromarsenTtrA	OK
TtrASrdA_Wells_02	AcidocaenTtrA	Wells_et_al_MAG	TtrASrdA	TtrASrdA	Wells_Dryad_MopBMAGs_50	Selected from DMSORcompwoutMop.fasta; original_header=AcidocaenTtrA	OK
TtrASrdA_Wells_03	AliiviwodanTtrA	Wells_et_al_MAG	TtrASrdA	TtrASrdA	Wells_Dryad_MopBMAGs_50	Selected from DMSORcompwoutMop.fasta; original_header=AliiviwodanTtrA	OK
TtrASrdA_Wells_04	ArabmassilTtrA	Wells_et_al_MAG	TtrASrdA	TtrASrdA	Wells_Dryad_MopBMAGs_50	Selected from DMSORcompwoutMop.fasta; original_header=ArabmassilTtrA	OK
TtrASrdA_Wells_05	AromaromaTtrA	Wells_et_al_MAG	TtrASrdA	TtrASrdA	Wells_Dryad_MopBMAGs_50	Selected from DMSORcompwoutMop.fasta; original_header=AromaromaTtrA	OK
TtrASrdA_Wells_06	AzospirhaloTtrA	Wells_et_al_MAG	TtrASrdA	TtrASrdA	Wells_Dryad_MopBMAGs_50	Selected from DMSORcompwoutMop.fasta; original_header=AzospirhaloTtrA	OK
TtrASrdA_Wells_07	BacilselenaTtrA1	Wells_et_al_MAG	TtrASrdA	TtrASrdA	Wells_Dryad_MopBMAGs_50	Selected from DMSORcompwoutMop.fasta; original_header=BacilselenaTtrA1	OK
TtrASrdA_Wells_08	BordebronchTtrA	Wells_et_al_MAG	TtrASrdA	TtrASrdA	Wells_Dryad_MopBMAGs_50	Selected from DMSORcompwoutMop.fasta; original_header=BordebronchTtrA	OK
TtrASrdA_Wells_09	ButtiagaviTtrA	Wells_et_al_MAG	TtrASrdA	TtrASrdA	Wells_Dryad_MopBMAGs_50	Selected from DMSORcompwoutMop.fasta; original_header=ButtiagaviTtrA	OK
TtrASrdA_Wells_10	CaldiarchsubtTtrA	Wells_et_al_MAG	TtrASrdA	TtrASrdA	Wells_Dryad_MopBMAGs_50	Selected from DMSORcompwoutMop.fasta; original_header=CaldiarchsubtTtrA	OK
TtrASrdA_Wells_11	CampygeoTtrA2	Wells_et_al_MAG	TtrASrdA	TtrASrdA	Wells_Dryad_MopBMAGs_50	Selected from DMSORcompwoutMop.fasta; original_header=CampygeoTtrA2	OK
TtrASrdA_Wells_12	CarboxydocelsporoTtrA	Wells_et_al_MAG	TtrASrdA	TtrASrdA	Wells_Dryad_MopBMAGs_50	Selected from DMSORcompwoutMop.fasta; original_header=CarboxydocelsporoTtrA	OK
TtrASrdA_Wells_13	CitrobraakTtrA	Wells_et_al_MAG	TtrASrdA	TtrASrdA	Wells_Dryad_MopBMAGs_50	Selected from DMSORcompwoutMop.fasta; original_header=CitrobraakTtrA	OK
TtrASrdA_Wells_14	ComamoaquaTtrA	Wells_et_al_MAG	TtrASrdA	TtrASrdA	Wells_Dryad_MopBMAGs_50	Selected from DMSORcompwoutMop.fasta; original_header=ComamoaquaTtrA	OK
TtrASrdA_Wells_15	DechloroagitTtrA	Wells_et_al_MAG	TtrASrdA	TtrASrdA	Wells_Dryad_MopBMAGs_50	Selected from DMSORcompwoutMop.fasta; original_header=DechloroagitTtrA	OK
TtrASrdA_Wells_16	DenitroacetTtrA	Wells_et_al_MAG	TtrASrdA	TtrASrdA	Wells_Dryad_MopBMAGs_50	Selected from DMSORcompwoutMop.fasta; original_header=DenitroacetTtrA	OK
TtrASrdA_Wells_17	DesulfitometaTtrA	Wells_et_al_MAG	TtrASrdA	TtrASrdA	Wells_Dryad_MopBMAGs_50	Selected from DMSORcompwoutMop.fasta; original_header=DesulfitometaTtrA	OK
TtrASrdA_Wells_18	DesulfomtiedTtrA	Wells_et_al_MAG	TtrASrdA	TtrASrdA	Wells_Dryad_MopBMAGs_50	Selected from DMSORcompwoutMop.fasta; original_header=DesulfomtiedTtrA	OK
TtrASrdA_Wells_19	DesulfovmexiTtrA	Wells_et_al_MAG	TtrASrdA	TtrASrdA	Wells_Dryad_MopBMAGs_50	Selected from DMSORcompwoutMop.fasta; original_header=DesulfovmexiTtrA	OK
TtrASrdA_Wells_20	DesulfurstibTtrA1	Wells_et_al_MAG	TtrASrdA	TtrASrdA	Wells_Dryad_MopBMAGs_50	Selected from DMSORcompwoutMop.fasta; original_header=DesulfurstibTtrA1	OK
TtrASrdA_Wells_21	EggerlentTtrA	Wells_et_al_MAG	TtrASrdA	TtrASrdA	Wells_Dryad_MopBMAGs_50	Selected from DMSORcompwoutMop.fasta; original_header=EggerlentTtrA	OK
TtrASrdA_Wells_22	GeoalkalisubtTtrA	Wells_et_al_MAG	TtrASrdA	TtrASrdA	Wells_Dryad_MopBMAGs_50	Selected from DMSORcompwoutMop.fasta; original_header=GeoalkalisubtTtrA	OK
TtrASrdA_Wells_23	GordonpameTtrA	Wells_et_al_MAG	TtrASrdA	TtrASrdA	Wells_Dryad_MopBMAGs_50	Selected from DMSORcompwoutMop.fasta; original_header=GordonpameTtrA	OK
TtrASrdA_Wells_24	HalobihaloTtrA	Wells_et_al_MAG	TtrASrdA	TtrASrdA	Wells_Dryad_MopBMAGs_50	Selected from DMSORcompwoutMop.fasta; original_header=HalobihaloTtrA	OK
TtrASrdA_Wells_25	HalogranamyloTtrA	Wells_et_al_MAG	TtrASrdA	TtrASrdA	Wells_Dryad_MopBMAGs_50	Selected from DMSORcompwoutMop.fasta; original_header=HalogranamyloTtrA	OK
TtrASrdA_Wells_26	HalomonilicTtrA	Wells_et_al_MAG	TtrASrdA	TtrASrdA	Wells_Dryad_MopBMAGs_50	Selected from DMSORcompwoutMop.fasta; original_header=HalomonilicTtrA	OK
TtrASrdA_Wells_27	HalorukocuTtrA	Wells_et_al_MAG	TtrASrdA	TtrASrdA	Wells_Dryad_MopBMAGs_50	Selected from DMSORcompwoutMop.fasta; original_header=HalorukocuTtrA	OK
TtrASrdA_Wells_28	HistophsomniTtrA	Wells_et_al_MAG	TtrASrdA	TtrASrdA	Wells_Dryad_MopBMAGs_50	Selected from DMSORcompwoutMop.fasta; original_header=HistophsomniTtrA	OK
TtrASrdA_Wells_29	KlebsioxytoTtrA	Wells_et_al_MAG	TtrASrdA	TtrASrdA	Wells_Dryad_MopBMAGs_50	Selected from DMSORcompwoutMop.fasta; original_header=KlebsioxytoTtrA	OK
TtrASrdA_Wells_30	MannevariTtrA	Wells_et_al_MAG	TtrASrdA	TtrASrdA	Wells_Dryad_MopBMAGs_50	Selected from DMSORcompwoutMop.fasta; original_header=MannevariTtrA	OK
TtrASrdA_Wells_31	MarinospminuTtrA	Wells_et_al_MAG	TtrASrdA	TtrASrdA	Wells_Dryad_MopBMAGs_50	Selected from DMSORcompwoutMop.fasta; original_header=MarinospminuTtrA	OK
TtrASrdA_Wells_32	MoriteldasaTtrA	Wells_et_al_MAG	TtrASrdA	TtrASrdA	Wells_Dryad_MopBMAGs_50	Selected from DMSORcompwoutMop.fasta; original_header=MoriteldasaTtrA	OK
TtrASrdA_Wells_33	OceanimonbaumTtrA	Wells_et_al_MAG	TtrASrdA	TtrASrdA	Wells_Dryad_MopBMAGs_50	Selected from DMSORcompwoutMop.fasta; original_header=OceanimonbaumTtrA	OK
TtrASrdA_Wells_34	PaenalhominTtrA	Wells_et_al_MAG	TtrASrdA	TtrASrdA	Wells_Dryad_MopBMAGs_50	Selected from DMSORcompwoutMop.fasta; original_header=PaenalhominTtrA	OK
TtrASrdA_Wells_35	PelobacselenTtrA2	Wells_et_al_MAG	TtrASrdA	TtrASrdA	Wells_Dryad_MopBMAGs_50	Selected from DMSORcompwoutMop.fasta; original_header=PelobacselenTtrA2	OK
TtrASrdA_Wells_36	ProthausTtrA	Wells_et_al_MAG	TtrASrdA	TtrASrdA	Wells_Dryad_MopBMAGs_50	Selected from DMSORcompwoutMop.fasta; original_header=ProthausTtrA	OK
TtrASrdA_Wells_37	ProvidstuaTtrA	Wells_et_al_MAG	TtrASrdA	TtrASrdA	Wells_Dryad_MopBMAGs_50	Selected from DMSORcompwoutMop.fasta; original_header=ProvidstuaTtrA	OK
TtrASrdA_Wells_38	PseudomonflexTtrA	Wells_et_al_MAG	TtrASrdA	TtrASrdA	Wells_Dryad_MopBMAGs_50	Selected from DMSORcompwoutMop.fasta; original_header=PseudomonflexTtrA	OK
TtrASrdA_Wells_39	PyroarsenTtrA	Wells_et_al_MAG	TtrASrdA	TtrASrdA	Wells_Dryad_MopBMAGs_50	Selected from DMSORcompwoutMop.fasta; original_header=PyroarsenTtrA	OK
TtrASrdA_Wells_40	RubritflocTtrA	Wells_et_al_MAG	TtrASrdA	TtrASrdA	Wells_Dryad_MopBMAGs_50	Selected from DMSORcompwoutMop.fasta; original_header=RubritflocTtrA	OK
TtrASrdA_Wells_41	SalmonenterTtrA	Wells_et_al_MAG	TtrASrdA	TtrASrdA	Wells_Dryad_MopBMAGs_50	Selected from DMSORcompwoutMop.fasta; original_header=SalmonenterTtrA	OK
TtrASrdA_Wells_42	Shewanbalt1TtrA	Wells_et_al_MAG	TtrASrdA	TtrASrdA	Wells_Dryad_MopBMAGs_50	Selected from DMSORcompwoutMop.fasta; original_header=Shewanbalt1TtrA	OK
TtrASrdA_Wells_43	SulfobacacidTtrA	Wells_et_al_MAG	TtrASrdA	TtrASrdA	Wells_Dryad_MopBMAGs_50	Selected from DMSORcompwoutMop.fasta; original_header=SulfobacacidTtrA	OK
TtrASrdA_Wells_44	ThalassobaccyriTtrA	Wells_et_al_MAG	TtrASrdA	TtrASrdA	Wells_Dryad_MopBMAGs_50	Selected from DMSORcompwoutMop.fasta; original_header=ThalassobaccyriTtrA	OK
TtrASrdA_Wells_45	ThermantoyoTtrA1	Wells_et_al_MAG	TtrASrdA	TtrASrdA	Wells_Dryad_MopBMAGs_50	Selected from DMSORcompwoutMop.fasta; original_header=ThermantoyoTtrA1	OK
TtrASrdA_Wells_46	ThermogutterriTtrA	Wells_et_al_MAG	TtrASrdA	TtrASrdA	Wells_Dryad_MopBMAGs_50	Selected from DMSORcompwoutMop.fasta; original_header=ThermogutterriTtrA	OK
TtrASrdA_Wells_47	ThermustengTtrA	Wells_et_al_MAG	TtrASrdA	TtrASrdA	Wells_Dryad_MopBMAGs_50	Selected from DMSORcompwoutMop.fasta; original_header=ThermustengTtrA	OK
TtrASrdA_Wells_48	ThiohalomondenitrTtrA	Wells_et_al_MAG	TtrASrdA	TtrASrdA	Wells_Dryad_MopBMAGs_50	Selected from DMSORcompwoutMop.fasta; original_header=ThiohalomondenitrTtrA	OK
TtrASrdA_Wells_49	VirgibachaloTtrA	Wells_et_al_MAG	TtrASrdA	TtrASrdA	Wells_Dryad_MopBMAGs_50	Selected from DMSORcompwoutMop.fasta; original_header=VirgibachaloTtrA	OK
TtrASrdA_Wells_50	YokeneregenTtrA	Wells_et_al_MAG	TtrASrdA	TtrASrdA	Wells_Dryad_MopBMAGs_50	Selected from DMSORcompwoutMop.fasta; original_header=YokeneregenTtrA	OK
bSreASoeA_Wells_01	AcidicryptbSreA	Wells_et_al_MAG	bSreASoeA	bSreASoeA	Wells_Dryad_MopBMAGs_50	Selected from DMSORcompwoutMop.fasta; original_header=AcidicryptbSreA	OK
bSreASoeA_Wells_02	AcidihaloprospebSreA	Wells_et_al_MAG	bSreASoeA	bSreASoeA	Wells_Dryad_MopBMAGs_50	Selected from DMSORcompwoutMop.fasta; original_header=AcidihaloprospebSreA	OK
bSreASoeA_Wells_03	AfipiafelisbSreA	Wells_et_al_MAG	bSreASoeA	bSreASoeA	Wells_Dryad_MopBMAGs_50	Selected from DMSORcompwoutMop.fasta; original_header=AfipiafelisbSreA	OK
bSreASoeA_Wells_04	AlkalispirmobilebSreA	Wells_et_al_MAG	bSreASoeA	bSreASoeA	Wells_Dryad_MopBMAGs_50	Selected from DMSORcompwoutMop.fasta; original_header=AlkalispirmobilebSreA	OK
bSreASoeA_Wells_05	AquifexaeolibSreA	Wells_et_al_MAG	bSreASoeA	bSreASoeA	Wells_Dryad_MopBMAGs_50	Selected from DMSORcompwoutMop.fasta; original_header=AquifexaeolibSreA	OK
bSreASoeA_Wells_06	BeggialeptobSreA	Wells_et_al_MAG	bSreASoeA	bSreASoeA	Wells_Dryad_MopBMAGs_50	Selected from DMSORcompwoutMop.fasta; original_header=BeggialeptobSreA	OK
bSreASoeA_Wells_07	Burkcenoce1bSreA	Wells_et_al_MAG	bSreASoeA	bSreASoeA	Wells_Dryad_MopBMAGs_50	Selected from DMSORcompwoutMop.fasta; original_header=Burkcenoce1bSreA	OK
bSreASoeA_Wells_08	BurknovacalbSreA	Wells_et_al_MAG	bSreASoeA	bSreASoeA	Wells_Dryad_MopBMAGs_50	Selected from DMSORcompwoutMop.fasta; original_header=BurknovacalbSreA	OK
bSreASoeA_Wells_09	CabalglatheibSreA	Wells_et_al_MAG	bSreASoeA	bSreASoeA	Wells_Dryad_MopBMAGs_50	Selected from DMSORcompwoutMop.fasta; original_header=CabalglatheibSreA	OK
bSreASoeA_Wells_10	CabalterrebSreA	Wells_et_al_MAG	bSreASoeA	bSreASoeA	Wells_Dryad_MopBMAGs_50	Selected from DMSORcompwoutMop.fasta; original_header=CabalterrebSreA	OK
bSreASoeA_Wells_11	DankookrubrabSreA	Wells_et_al_MAG	bSreASoeA	bSreASoeA	Wells_Dryad_MopBMAGs_50	Selected from DMSORcompwoutMop.fasta; original_header=DankookrubrabSreA	OK
bSreASoeA_Wells_12	EctothiomongolbSreA	Wells_et_al_MAG	bSreASoeA	bSreASoeA	Wells_Dryad_MopBMAGs_50	Selected from DMSORcompwoutMop.fasta; original_header=EctothiomongolbSreA	OK
bSreASoeA_Wells_13	FerriphasamnibSreA	Wells_et_al_MAG	bSreASoeA	bSreASoeA	Wells_Dryad_MopBMAGs_50	Selected from DMSORcompwoutMop.fasta; original_header=FerriphasamnibSreA	OK
bSreASoeA_Wells_14	FilomicromaribSreA	Wells_et_al_MAG	bSreASoeA	bSreASoeA	Wells_Dryad_MopBMAGs_50	Selected from DMSORcompwoutMop.fasta; original_header=FilomicromaribSreA	OK
bSreASoeA_Wells_15	HalomonsalibSreA	Wells_et_al_MAG	bSreASoeA	bSreASoeA	Wells_Dryad_MopBMAGs_50	Selected from DMSORcompwoutMop.fasta; original_header=HalomonsalibSreA	OK
bSreASoeA_Wells_16	HydrogenicaldibSreA	Wells_et_al_MAG	bSreASoeA	bSreASoeA	Wells_Dryad_MopBMAGs_50	Selected from DMSORcompwoutMop.fasta; original_header=HydrogenicaldibSreA	OK
bSreASoeA_Wells_17	InmirathermobSreA	Wells_et_al_MAG	bSreASoeA	bSreASoeA	Wells_Dryad_MopBMAGs_50	Selected from DMSORcompwoutMop.fasta; original_header=InmirathermobSreA	OK
bSreASoeA_Wells_18	KilolitopebSreA	Wells_et_al_MAG	bSreASoeA	bSreASoeA	Wells_Dryad_MopBMAGs_50	Selected from DMSORcompwoutMop.fasta; original_header=KilolitopebSreA	OK
bSreASoeA_Wells_19	MagnetofaaustralbSreA	Wells_et_al_MAG	bSreASoeA	bSreASoeA	Wells_Dryad_MopBMAGs_50	Selected from DMSORcompwoutMop.fasta; original_header=MagnetofaaustralbSreA	OK
bSreASoeA_Wells_20	MagnetospirgryphibSreA	Wells_et_al_MAG	bSreASoeA	bSreASoeA	Wells_Dryad_MopBMAGs_50	Selected from DMSORcompwoutMop.fasta; original_header=MagnetospirgryphibSreA	OK
bSreASoeA_Wells_21	MartelmediterbSreA	Wells_et_al_MAG	bSreASoeA	bSreASoeA	Wells_Dryad_MopBMAGs_50	Selected from DMSORcompwoutMop.fasta; original_header=MartelmediterbSreA	OK
bSreASoeA_Wells_22	MesorhizohelmanbSreA	Wells_et_al_MAG	bSreASoeA	bSreASoeA	Wells_Dryad_MopBMAGs_50	Selected from DMSORcompwoutMop.fasta; original_header=MesorhizohelmanbSreA	OK
bSreASoeA_Wells_23	MesorhizosanjuabSreA	Wells_et_al_MAG	bSreASoeA	bSreASoeA	Wells_Dryad_MopBMAGs_50	Selected from DMSORcompwoutMop.fasta; original_header=MesorhizosanjuabSreA	OK
bSreASoeA_Wells_24	MethyloveruniverbSreA	Wells_et_al_MAG	bSreASoeA	bSreASoeA	Wells_Dryad_MopBMAGs_50	Selected from DMSORcompwoutMop.fasta; original_header=MethyloveruniverbSreA	OK
bSreASoeA_Wells_25	OceanibacindicumbSreA	Wells_et_al_MAG	bSreASoeA	bSreASoeA	Wells_Dryad_MopBMAGs_50	Selected from DMSORcompwoutMop.fasta; original_header=OceanibacindicumbSreA	OK
bSreASoeA_Wells_26	OceanibacterhippobSreA	Wells_et_al_MAG	bSreASoeA	bSreASoeA	Wells_Dryad_MopBMAGs_50	Selected from DMSORcompwoutMop.fasta; original_header=OceanibacterhippobSreA	OK
bSreASoeA_Wells_27	ParaburkdiazotrophbSreA	Wells_et_al_MAG	bSreASoeA	bSreASoeA	Wells_Dryad_MopBMAGs_50	Selected from DMSORcompwoutMop.fasta; original_header=ParaburkdiazotrophbSreA	OK
bSreASoeA_Wells_28	ParaburkphosphabSreA	Wells_et_al_MAG	bSreASoeA	bSreASoeA	Wells_Dryad_MopBMAGs_50	Selected from DMSORcompwoutMop.fasta; original_header=ParaburkphosphabSreA	OK
bSreASoeA_Wells_29	ParaburktuberbSreA	Wells_et_al_MAG	bSreASoeA	bSreASoeA	Wells_Dryad_MopBMAGs_50	Selected from DMSORcompwoutMop.fasta; original_header=ParaburktuberbSreA	OK
bSreASoeA_Wells_30	Phyllobacbrassi1bSreA	Wells_et_al_MAG	bSreASoeA	bSreASoeA	Wells_Dryad_MopBMAGs_50	Selected from DMSORcompwoutMop.fasta; original_header=Phyllobacbrassi1bSreA	OK
bSreASoeA_Wells_31	PolynucdiffibSreA	Wells_et_al_MAG	bSreASoeA	bSreASoeA	Wells_Dryad_MopBMAGs_50	Selected from DMSORcompwoutMop.fasta; original_header=PolynucdiffibSreA	OK
bSreASoeA_Wells_32	PuniceispirmaribSreA	Wells_et_al_MAG	bSreASoeA	bSreASoeA	Wells_Dryad_MopBMAGs_50	Selected from DMSORcompwoutMop.fasta; original_header=PuniceispirmaribSreA	OK
bSreASoeA_Wells_33	SedimentthiobSreA	Wells_et_al_MAG	bSreASoeA	bSreASoeA	Wells_Dryad_MopBMAGs_50	Selected from DMSORcompwoutMop.fasta; original_header=SedimentthiobSreA	OK
bSreASoeA_Wells_34	StellahumobSreA	Wells_et_al_MAG	bSreASoeA	bSreASoeA	Wells_Dryad_MopBMAGs_50	Selected from DMSORcompwoutMop.fasta; original_header=StellahumobSreA	OK
bSreASoeA_Wells_35	SulfuricaulimibSreA	Wells_et_al_MAG	bSreASoeA	bSreASoeA	Wells_Dryad_MopBMAGs_50	Selected from DMSORcompwoutMop.fasta; original_header=SulfuricaulimibSreA	OK
bSreASoeA_Wells_36	SulfurifemultibSreA	Wells_et_al_MAG	bSreASoeA	bSreASoeA	Wells_Dryad_MopBMAGs_50	Selected from DMSORcompwoutMop.fasta; original_header=SulfurifemultibSreA	OK
bSreASoeA_Wells_37	SulfurifusvariabSreA	Wells_et_al_MAG	bSreASoeA	bSreASoeA	Wells_Dryad_MopBMAGs_50	Selected from DMSORcompwoutMop.fasta; original_header=SulfurifusvariabSreA	OK
bSreASoeA_Wells_38	SulfurisomsediminibSreA	Wells_et_al_MAG	bSreASoeA	bSreASoeA	Wells_Dryad_MopBMAGs_50	Selected from DMSORcompwoutMop.fasta; original_header=SulfurisomsediminibSreA	OK
bSreASoeA_Wells_39	ThalassobaculitorbSreA	Wells_et_al_MAG	bSreASoeA	bSreASoeA	Wells_Dryad_MopBMAGs_50	Selected from DMSORcompwoutMop.fasta; original_header=ThalassobaculitorbSreA	OK
bSreASoeA_Wells_40	ThermocrinminerbSreA	Wells_et_al_MAG	bSreASoeA	bSreASoeA	Wells_Dryad_MopBMAGs_50	Selected from DMSORcompwoutMop.fasta; original_header=ThermocrinminerbSreA	OK
bSreASoeA_Wells_41	ThioalknitratbSreA	Wells_et_al_MAG	bSreASoeA	bSreASoeA	Wells_Dryad_MopBMAGs_50	Selected from DMSORcompwoutMop.fasta; original_header=ThioalknitratbSreA	OK
bSreASoeA_Wells_42	ThioalksulfidbSreA	Wells_et_al_MAG	bSreASoeA	bSreASoeA	Wells_Dryad_MopBMAGs_50	Selected from DMSORcompwoutMop.fasta; original_header=ThioalksulfidbSreA	OK
bSreASoeA_Wells_43	ThiocapmarinabSreA	Wells_et_al_MAG	bSreASoeA	bSreASoeA	Wells_Dryad_MopBMAGs_50	Selected from DMSORcompwoutMop.fasta; original_header=ThiocapmarinabSreA	OK
bSreASoeA_Wells_44	ThiocaproseobSreA	Wells_et_al_MAG	bSreASoeA	bSreASoeA	Wells_Dryad_MopBMAGs_50	Selected from DMSORcompwoutMop.fasta; original_header=ThiocaproseobSreA	OK
bSreASoeA_Wells_45	ThiogranlongumbSreA	Wells_et_al_MAG	bSreASoeA	bSreASoeA	Wells_Dryad_MopBMAGs_50	Selected from DMSORcompwoutMop.fasta; original_header=ThiogranlongumbSreA	OK
bSreASoeA_Wells_46	ThiohalomondenitrbSreA	Wells_et_al_MAG	bSreASoeA	bSreASoeA	Wells_Dryad_MopBMAGs_50	Selected from DMSORcompwoutMop.fasta; original_header=ThiohalomondenitrbSreA	OK
bSreASoeA_Wells_47	ThiomondelibSreA	Wells_et_al_MAG	bSreASoeA	bSreASoeA	Wells_Dryad_MopBMAGs_50	Selected from DMSORcompwoutMop.fasta; original_header=ThiomondelibSreA	OK
bSreASoeA_Wells_48	ThiothrlacusbSreA	Wells_et_al_MAG	bSreASoeA	bSreASoeA	Wells_Dryad_MopBMAGs_50	Selected from DMSORcompwoutMop.fasta; original_header=ThiothrlacusbSreA	OK
bSreASoeA_Wells_49	Variopara1bSreA	Wells_et_al_MAG	bSreASoeA	bSreASoeA	Wells_Dryad_MopBMAGs_50	Selected from DMSORcompwoutMop.fasta; original_header=Variopara1bSreA	OK
bSreASoeA_Wells_50	VermineeisebSreA	Wells_et_al_MAG	bSreASoeA	bSreASoeA	Wells_Dryad_MopBMAGs_50	Selected from DMSORcompwoutMop.fasta; original_header=VermineeisebSreA	OK
ArrAArxA_Wells_01	ActinophytxinjianArrA	Wells_et_al_MAG	ArrAArxA	ArrAArxA	Wells_Dryad_MopBMAGs_50	Selected from DMSORcompwoutMop.fasta; original_header=ActinophytxinjianArrA	OK
ArrAArxA_Wells_02	AlkaliehrliArrA	Wells_et_al_MAG	ArrAArxA	ArrAArxA	Wells_Dryad_MopBMAGs_50	Selected from DMSORcompwoutMop.fasta; original_header=AlkaliehrliArrA	OK
ArrAArxA_Wells_03	AlkaliphilmetalArrA	Wells_et_al_MAG	ArrAArxA	ArrAArxA	Wells_Dryad_MopBMAGs_50	Selected from DMSORcompwoutMop.fasta; original_header=AlkaliphilmetalArrA	OK
ArrAArxA_Wells_04	AlkalispirmobileArrA	Wells_et_al_MAG	ArrAArxA	ArrAArxA	Wells_Dryad_MopBMAGs_50	Selected from DMSORcompwoutMop.fasta; original_header=AlkalispirmobileArrA	OK
ArrAArxA_Wells_05	AlkalispiroodontoArrA	Wells_et_al_MAG	ArrAArxA	ArrAArxA	Wells_Dryad_MopBMAGs_50	Selected from DMSORcompwoutMop.fasta; original_header=AlkalispiroodontoArrA	OK
ArrAArxA_Wells_06	AnaerobacarsenArrA	Wells_et_al_MAG	ArrAArxA	ArrAArxA	Wells_Dryad_MopBMAGs_50	Selected from DMSORcompwoutMop.fasta; original_header=AnaerobacarsenArrA	OK
ArrAArxA_Wells_07	AnaerobrancalifArrA	Wells_et_al_MAG	ArrAArxA	ArrAArxA	Wells_Dryad_MopBMAGs_50	Selected from DMSORcompwoutMop.fasta; original_header=AnaerobrancalifArrA	OK
ArrAArxA_Wells_08	AzoatoluArrA	Wells_et_al_MAG	ArrAArxA	ArrAArxA	Wells_Dryad_MopBMAGs_50	Selected from DMSORcompwoutMop.fasta; original_header=AzoatoluArrA	OK
ArrAArxA_Wells_09	BaciloryziArrA	Wells_et_al_MAG	ArrAArxA	ArrAArxA	Wells_Dryad_MopBMAGs_50	Selected from DMSORcompwoutMop.fasta; original_header=BaciloryziArrA	OK
ArrAArxA_Wells_10	BacilseleniArrA	Wells_et_al_MAG	ArrAArxA	ArrAArxA	Wells_Dryad_MopBMAGs_50	Selected from DMSORcompwoutMop.fasta; original_header=BacilseleniArrA	OK
ArrAArxA_Wells_11	ChyrsioarsenArrA	Wells_et_al_MAG	ArrAArxA	ArrAArxA	Wells_Dryad_MopBMAGs_50	Selected from DMSORcompwoutMop.fasta; original_header=ChyrsioarsenArrA	OK
ArrAArxA_Wells_12	Desulfitohafn1ArrA	Wells_et_al_MAG	ArrAArxA	ArrAArxA	Wells_Dryad_MopBMAGs_50	Selected from DMSORcompwoutMop.fasta; original_header=Desulfitohafn1ArrA	OK
ArrAArxA_Wells_13	DesulfitohafnArrA	Wells_et_al_MAG	ArrAArxA	ArrAArxA	Wells_Dryad_MopBMAGs_50	Selected from DMSORcompwoutMop.fasta; original_header=DesulfitohafnArrA	OK
ArrAArxA_Wells_14	DesulfolunsponArrA	Wells_et_al_MAG	ArrAArxA	ArrAArxA	Wells_Dryad_MopBMAGs_50	Selected from DMSORcompwoutMop.fasta; original_header=DesulfolunsponArrA	OK
ArrAArxA_Wells_15	DesulfonatronlacusArrA	Wells_et_al_MAG	ArrAArxA	ArrAArxA	Wells_Dryad_MopBMAGs_50	Selected from DMSORcompwoutMop.fasta; original_header=DesulfonatronlacusArrA	OK
ArrAArxA_Wells_16	DesulfonatronthiodisArrA	Wells_et_al_MAG	ArrAArxA	ArrAArxA	Wells_Dryad_MopBMAGs_50	Selected from DMSORcompwoutMop.fasta; original_header=DesulfonatronthiodisArrA	OK
ArrAArxA_Wells_17	DesulfonatronthiosulfArrA	Wells_et_al_MAG	ArrAArxA	ArrAArxA	Wells_Dryad_MopBMAGs_50	Selected from DMSORcompwoutMop.fasta; original_header=DesulfonatronthiosulfArrA	OK
ArrAArxA_Wells_18	DesulforhosignaArrA	Wells_et_al_MAG	ArrAArxA	ArrAArxA	Wells_Dryad_MopBMAGs_50	Selected from DMSORcompwoutMop.fasta; original_header=DesulforhosignaArrA	OK
ArrAArxA_Wells_19	DesulfoverhaloArrA	Wells_et_al_MAG	ArrAArxA	ArrAArxA	Wells_Dryad_MopBMAGs_50	Selected from DMSORcompwoutMop.fasta; original_header=DesulfoverhaloArrA	OK
ArrAArxA_Wells_20	DesulfoyounArrA	Wells_et_al_MAG	ArrAArxA	ArrAArxA	Wells_Dryad_MopBMAGs_50	Selected from DMSORcompwoutMop.fasta; original_header=DesulfoyounArrA	OK
ArrAArxA_Wells_21	DesulfuriindiArrA	Wells_et_al_MAG	ArrAArxA	ArrAArxA	Wells_Dryad_MopBMAGs_50	Selected from DMSORcompwoutMop.fasta; original_header=DesulfuriindiArrA	OK
ArrAArxA_Wells_22	DesulfuromsoudArrA	Wells_et_al_MAG	ArrAArxA	ArrAArxA	Wells_Dryad_MopBMAGs_50	Selected from DMSORcompwoutMop.fasta; original_header=DesulfuromsoudArrA	OK
ArrAArxA_Wells_23	DesulfurstibArrA1	Wells_et_al_MAG	ArrAArxA	ArrAArxA	Wells_Dryad_MopBMAGs_50	Selected from DMSORcompwoutMop.fasta; original_header=DesulfurstibArrA1	OK
ArrAArxA_Wells_24	FerribaleaArrA	Wells_et_al_MAG	ArrAArxA	ArrAArxA	Wells_Dryad_MopBMAGs_50	Selected from DMSORcompwoutMop.fasta; original_header=FerribaleaArrA	OK
ArrAArxA_Wells_25	FerrikyonArrA	Wells_et_al_MAG	ArrAArxA	ArrAArxA	Wells_Dryad_MopBMAGs_50	Selected from DMSORcompwoutMop.fasta; original_header=FerrikyonArrA	OK
ArrAArxA_Wells_26	FerrisediArrA	Wells_et_al_MAG	ArrAArxA	ArrAArxA	Wells_Dryad_MopBMAGs_50	Selected from DMSORcompwoutMop.fasta; original_header=FerrisediArrA	OK
ArrAArxA_Wells_27	GeobacthiogeArrA	Wells_et_al_MAG	ArrAArxA	ArrAArxA	Wells_Dryad_MopBMAGs_50	Selected from DMSORcompwoutMop.fasta; original_header=GeobacthiogeArrA	OK
ArrAArxA_Wells_28	GeobacuranArrA	Wells_et_al_MAG	ArrAArxA	ArrAArxA	Wells_Dryad_MopBMAGs_50	Selected from DMSORcompwoutMop.fasta; original_header=GeobacuranArrA	OK
ArrAArxA_Wells_29	HalarsensilverArrA	Wells_et_al_MAG	ArrAArxA	ArrAArxA	Wells_Dryad_MopBMAGs_50	Selected from DMSORcompwoutMop.fasta; original_header=HalarsensilverArrA	OK
ArrAArxA_Wells_30	HalobinitratArrA	Wells_et_al_MAG	ArrAArxA	ArrAArxA	Wells_Dryad_MopBMAGs_50	Selected from DMSORcompwoutMop.fasta; original_header=HalobinitratArrA	OK
ArrAArxA_Wells_31	HalomonchromatArrA	Wells_et_al_MAG	ArrAArxA	ArrAArxA	Wells_Dryad_MopBMAGs_50	Selected from DMSORcompwoutMop.fasta; original_header=HalomonchromatArrA	OK
ArrAArxA_Wells_32	HalorhodhaloArrA	Wells_et_al_MAG	ArrAArxA	ArrAArxA	Wells_Dryad_MopBMAGs_50	Selected from DMSORcompwoutMop.fasta; original_header=HalorhodhaloArrA	OK
ArrAArxA_Wells_33	MarinospalkaliArrA	Wells_et_al_MAG	ArrAArxA	ArrAArxA	Wells_Dryad_MopBMAGs_50	Selected from DMSORcompwoutMop.fasta; original_header=MarinospalkaliArrA	OK
ArrAArxA_Wells_34	MethanoperednitroArrA	Wells_et_al_MAG	ArrAArxA	ArrAArxA	Wells_Dryad_MopBMAGs_50	Selected from DMSORcompwoutMop.fasta; original_header=MethanoperednitroArrA	OK
ArrAArxA_Wells_35	NatranaerobthermArrA	Wells_et_al_MAG	ArrAArxA	ArrAArxA	Wells_Dryad_MopBMAGs_50	Selected from DMSORcompwoutMop.fasta; original_header=NatranaerobthermArrA	OK
ArrAArxA_Wells_36	NitrincolacisArrA	Wells_et_al_MAG	ArrAArxA	ArrAArxA	Wells_Dryad_MopBMAGs_50	Selected from DMSORcompwoutMop.fasta; original_header=NitrincolacisArrA	OK
ArrAArxA_Wells_37	ParasuttexcreArrA	Wells_et_al_MAG	ArrAArxA	ArrAArxA	Wells_Dryad_MopBMAGs_50	Selected from DMSORcompwoutMop.fasta; original_header=ParasuttexcreArrA	OK
ArrAArxA_Wells_38	PropionivibdicarbArrA	Wells_et_al_MAG	ArrAArxA	ArrAArxA	Wells_Dryad_MopBMAGs_50	Selected from DMSORcompwoutMop.fasta; original_header=PropionivibdicarbArrA	OK
ArrAArxA_Wells_39	PsychromonaquiArrA	Wells_et_al_MAG	ArrAArxA	ArrAArxA	Wells_Dryad_MopBMAGs_50	Selected from DMSORcompwoutMop.fasta; original_header=PsychromonaquiArrA	OK
ArrAArxA_Wells_40	ShewanjaponArrA	Wells_et_al_MAG	ArrAArxA	ArrAArxA	Wells_Dryad_MopBMAGs_50	Selected from DMSORcompwoutMop.fasta; original_header=ShewanjaponArrA	OK
ArrAArxA_Wells_41	ShewanpiezoArrA	Wells_et_al_MAG	ArrAArxA	ArrAArxA	Wells_Dryad_MopBMAGs_50	Selected from DMSORcompwoutMop.fasta; original_header=ShewanpiezoArrA	OK
ArrAArxA_Wells_42	ShewanwaksArrA	Wells_et_al_MAG	ArrAArxA	ArrAArxA	Wells_Dryad_MopBMAGs_50	Selected from DMSORcompwoutMop.fasta; original_header=ShewanwaksArrA	OK
ArrAArxA_Wells_43	SulfurosparsenArrA	Wells_et_al_MAG	ArrAArxA	ArrAArxA	Wells_Dryad_MopBMAGs_50	Selected from DMSORcompwoutMop.fasta; original_header=SulfurosparsenArrA	OK
ArrAArxA_Wells_44	SulfurospmultiArrA	Wells_et_al_MAG	ArrAArxA	ArrAArxA	Wells_Dryad_MopBMAGs_50	Selected from DMSORcompwoutMop.fasta; original_header=SulfurospmultiArrA	OK
ArrAArxA_Wells_45	TepiddecaArrA	Wells_et_al_MAG	ArrAArxA	ArrAArxA	Wells_Dryad_MopBMAGs_50	Selected from DMSORcompwoutMop.fasta; original_header=TepiddecaArrA	OK
ArrAArxA_Wells_46	ThioalkparaArrA	Wells_et_al_MAG	ArrAArxA	ArrAArxA	Wells_Dryad_MopBMAGs_50	Selected from DMSORcompwoutMop.fasta; original_header=ThioalkparaArrA	OK
ArrAArxA_Wells_47	ThioalksulfidArrA	Wells_et_al_MAG	ArrAArxA	ArrAArxA	Wells_Dryad_MopBMAGs_50	Selected from DMSORcompwoutMop.fasta; original_header=ThioalksulfidArrA	OK
ArrAArxA_Wells_48	ThiocaproseaArrA	Wells_et_al_MAG	ArrAArxA	ArrAArxA	Wells_Dryad_MopBMAGs_50	Selected from DMSORcompwoutMop.fasta; original_header=ThiocaproseaArrA	OK
ArrAArxA_Wells_49	TindalcalifArrA	Wells_et_al_MAG	ArrAArxA	ArrAArxA	Wells_Dryad_MopBMAGs_50	Selected from DMSORcompwoutMop.fasta; original_header=TindalcalifArrA	OK
ArrAArxA_Wells_50	WolinsuccArrA	Wells_et_al_MAG	ArrAArxA	ArrAArxA	Wells_Dryad_MopBMAGs_50	Selected from DMSORcompwoutMop.fasta; original_header=WolinsuccArrA	OK
